{
  "multiCost": 1.2999999523162842,
  "rebirthMulti": 1.7999999523162842,
  "minutes": 3,
  "multiAmountCost": 4.354560852050781,
  "rebirthCost": 313833.65625,
  "amountClicker": 2,
  "lifetimeValue": 271826.1875,
  "multiMultiplier": 1,
  "clickerCost": 3.548999547958374,
  "timer": 99,
  "seconds": 21,
  "multiAmount": 2.2207231521606445,
  "rebirth": 1,
  "value": 46.464935302734375
}